{
    "means": [
        16.04574203491211,
        16.66667366027832,
        16.628522872924805,
        17.256954193115234,
        17.514944076538086,
        18.009418487548828,
        18.277400970458984,
        18.3475284576416,
        18.249759674072266,
        17.971616744995117,
        17.69620132446289,
        17.591188430786133,
        17.594045639038086,
        17.61506462097168,
        17.593637466430664,
        17.511375427246094,
        17.37332534790039,
        17.250751495361328,
        17.11311149597168,
        16.626808166503906,
        16.37331771850586,
        16.323612213134766,
        15.828413963317871,
        15.889720916748047,
        15.625080108642578,
        15.618868827819824,
        15.385987281799316,
        15.367608070373535,
        15.238161087036133,
        15.163549423217773,
        15.114327430725098,
        15.055789947509766,
        15.027684211730957,
        15.067243576049805,
        15.171500205993652,
        15.186448097229004,
        15.223648071289062,
        15.237248420715332,
        15.306363105773926,
        15.213055610656738,
        15.220189094543457,
        15.125101089477539,
        15.118722915649414,
        15.01603889465332,
        14.987922668457031,
        14.982810020446777,
        14.989425659179688,
        15.009769439697266,
        15.024086952209473,
        15.003342628479004,
        14.971334457397461,
        14.884622573852539,
        14.878479957580566,
        14.82874584197998,
        14.750229835510254,
        14.67822551727295,
        14.609380722045898,
        14.537639617919922,
        14.488311767578125,
        14.407382011413574,
        14.369112968444824,
        14.24999713897705,
        14.101973533630371,
        13.963058471679688,
        13.821036338806152,
        13.671008110046387,
        13.531364440917969,
        13.390276908874512,
        13.264127731323242,
        13.163268089294434,
        13.06649112701416,
        13.009743690490723,
        12.967198371887207,
        12.931754112243652,
        12.878113746643066,
        12.803831100463867,
        12.732138633728027,
        12.628335952758789,
        12.532366752624512,
        12.42780876159668
    ],
    "invstddev": [
        0.2739066183567047,
        0.27886876463890076,
        0.27654334902763367,
        0.2521268129348755,
        0.2362937033176422,
        0.22629326581954956,
        0.21712371706962585,
        0.2113887071609497,
        0.21087773144245148,
        0.21393467485904694,
        0.21744506061077118,
        0.2181290090084076,
        0.21599198877811432,
        0.2137933224439621,
        0.21323162317276,
        0.21418265998363495,
        0.21604382991790771,
        0.21852727234363556,
        0.2209452986717224,
        0.22460512816905975,
        0.22804519534111023,
        0.23095138370990753,
        0.23615342378616333,
        0.23944807052612305,
        0.2439115196466446,
        0.24756622314453125,
        0.2512563467025757,
        0.25358209013938904,
        0.25566771626472473,
        0.25622403621673584,
        0.257108211517334,
        0.2582646906375885,
        0.25949934124946594,
        0.26356035470962524,
        0.2700657844543457,
        0.2629810571670532,
        0.2602199912071228,
        0.2604028880596161,
        0.2608914077281952,
        0.2621731758117676,
        0.2633744776248932,
        0.26494577527046204,
        0.2667939364910126,
        0.26804491877555847,
        0.26767072081565857,
        0.26710787415504456,
        0.2653885781764984,
        0.26317650079727173,
        0.26183781027793884,
        0.26180821657180786,
        0.26298603415489197,
        0.2638980448246002,
        0.2649596631526947,
        0.26544734835624695,
        0.2658892571926117,
        0.26698029041290283,
        0.26729053258895874,
        0.26763927936553955,
        0.2678631842136383,
        0.2681279480457306,
        0.26936402916908264,
        0.2718254625797272,
        0.2702054977416992,
        0.2707352042198181,
        0.2717348039150238,
        0.27267158031463623,
        0.27433833479881287,
        0.27523255348205566,
        0.27545613050460815,
        0.27655482292175293,
        0.2777247428894043,
        0.2796081602573395,
        0.28109845519065857,
        0.2817147672176361,
        0.28324148058891296,
        0.2850162982940674,
        0.28709927201271057,
        0.2866635322570801,
        0.2865040600299835,
        0.2867012619972229
    ]
}